{ "trigramme" : "JNE", "nom" : "Narcisse", "prenom" : "Jacques", "experiences" : [ { "client" : "TOTAL", "projet" : "Projet 1" }, { "client" : "BNP PARIBAS", "projet" : "Projet 2", "duree" : 27 } ], "langues" : { "Français" : "Maternelle", "Anglais" : "Courant" } },
{ "trigramme" : "JMX", "nom" : "Mailloux", "prenom" : "Joseph", "experiences" : [ { "client" : "SOCIETE GENERALE", "projet" : "Projet 3", "duree" : "3 ans" }, { "client" : "DANONE", "projet" : "Projet 5" } ], "langues" : { "Français" : "Maternelle", "Allemand" : "Courant", "Anglais" : "Notions" } },
{ "trigramme" : "FLU", "nom" : "Lereau", "prenom" : "Felicienne", "experiences" : [ { "client" : "VINCI", "projet" : "Projet 6", "duree" : "7 ans" } ], "langues" : { "Français" : "Maternelle", "Anglais" : "Courant", "Allemand" : "Notions" } },
{ "trigramme" : "JGS", "nom" : "Gadbois", "prenom" : "Joséphine", "experiences" : [ { "client" : "TOTAL", "projet" : "Projet 1", "duree" : "6 mois" }, { "client" : "EDF", "projet" : "Projet 4", "duree" : 5 } ], "langues" : { "Français" : "Maternelle", "Anglais" : "Notions", "Allemand" : "Courant" } },
{ "trigramme" : "MJR", "nom" : "Jolicoeur", "prenom" : "Marcel", "experiences" : [ { "client" : "GDF", "projet" : "Projet 7", "duree" : 18 } ], "langues" : { "Français" : "Maternelle", "Arabe" : "Notions" } },
{ "trigramme" : "GPR", "nom" : "Provencher", "prenom" : "Guillaume", "experiences" : [ { "client" : "BNP PARIBAS", "projet" : "Projet 2", "duree" : "6 mois" }, { "client" : "TOTAL", "projet" : "Projet 1", "duree" : "2 ans" } ], "langues" : { "Français" : "Maternelle", "Anglais" : "Courant" } }

